{
  "configPath": "/Users/mhvdijk/Code/next-openapi-gen/apps/next-app-swagger/next.openapi.json",
  "outputFile": "/Users/mhvdijk/Code/next-openapi-gen/apps/next-app-swagger/public/openapi.json",
  "diagnostics": [],
  "performance": {
    "prepareTemplateMs": 0.07375000000001819,
    "loadCustomFragmentsMs": 0.0004580000000942164,
    "prepareDocumentMs": 0.0742080000001124,
    "scanRouteFilesMs": 1.2345420000000331,
    "deriveRoutePathMs": 0.19241699999997763,
    "filterRouteCandidatesMs": 0.01904000000013184,
    "sourcePrecheckMs": 0.4890420000000404,
    "readRouteFilesMs": 0.28700100000003204,
    "parseRouteFilesMs": 33.7047510000001,
    "analyzeRouteFilesMs": 24.0514169999999,
    "typescriptResponseInferenceMs": 0,
    "processRouteFilesMs": 57.897666999999956,
    "registerRouteMs": 37.17258500000014,
    "getSchemaContentMs": 28.000915000000077,
    "createRequestParamsMs": 0.41079199999990124,
    "createRequestBodyMs": 0,
    "processResponsesMs": 8.050584000000072,
    "createResponseSchemaMs": 0,
    "buildOperationsMs": 37.198875000000044,
    "sortAndMergePathsMs": 1.3350830000000542,
    "buildPathsMs": 1.3350830000000542,
    "defaultComponentsAndErrorsMs": 0.7118749999999636,
    "mergeSchemasMs": 0.7858330000000251,
    "finalizeDocumentMs": 5.558750000000032,
    "totalMs": 106.14208299999996,
    "scanRoutesMs": 96.33108400000003
  }
}
