{
  "configPath": "/Users/mhvdijk/Code/next-openapi-gen/apps/next-app-swagger/next.openapi.json",
  "outputFile": "/Users/mhvdijk/Code/next-openapi-gen/apps/next-app-swagger/public/openapi.json",
  "diagnostics": [],
  "performance": {
    "prepareTemplateMs": 0.08379200000001674,
    "loadCustomFragmentsMs": 0.0004589999999780048,
    "prepareDocumentMs": 0.08425099999999475,
    "scanRouteFilesMs": 0.6997079999999869,
    "processRouteFilesMs": 17.19987500000002,
    "buildOperationsMs": 39.30258300000014,
    "scanRoutesMs": 57.20216600000015,
    "sortAndMergePathsMs": 0.6356250000000045,
    "buildPathsMs": 0.6356250000000045,
    "defaultComponentsAndErrorsMs": 0.12712499999997817,
    "mergeSchemasMs": 0.25070800000003146,
    "finalizeDocumentMs": 2.964334000000008,
    "totalMs": 64.12366699999995
  }
}
