{
  "configPath": "/Users/mhvdijk/Code/next-openapi-gen/apps/next-app-swagger/next.openapi.json",
  "outputFile": "/Users/mhvdijk/Code/next-openapi-gen/apps/next-app-swagger/public/openapi.json",
  "diagnostics": [],
  "performance": {
    "prepareTemplateMs": 0.07695799999987685,
    "loadCustomFragmentsMs": 0.00041600000008656934,
    "prepareDocumentMs": 0.07737399999996342,
    "scanRouteFilesMs": 4.56291699999997,
    "processRouteFilesMs": 57.025666,
    "buildOperationsMs": 92.36654099999987,
    "scanRoutesMs": 153.95512399999984,
    "sortAndMergePathsMs": 0.629207999999835,
    "buildPathsMs": 0.629207999999835,
    "defaultComponentsAndErrorsMs": 0.12912499999993088,
    "mergeSchemasMs": 0.21562500000004547,
    "finalizeDocumentMs": 2.860791000000063,
    "totalMs": 158.35212500000011
  }
}
