{
  "configPath": "/Users/mhvdijk/Code/next-openapi-gen/apps/next-app-swagger/next.openapi.json",
  "outputFile": "/Users/mhvdijk/Code/next-openapi-gen/apps/next-app-swagger/public/openapi.json",
  "diagnostics": [],
  "performance": {
    "prepareTemplateMs": 0.06758400000001075,
    "loadCustomFragmentsMs": 0.00041699999997035775,
    "prepareDocumentMs": 0.0680009999999811,
    "scanRouteFilesMs": 1.4895830000000387,
    "processRouteFilesMs": 29.353458999999816,
    "buildOperationsMs": 83.16554100000008,
    "scanRoutesMs": 114.00858299999993,
    "sortAndMergePathsMs": 0.6260829999999942,
    "buildPathsMs": 0.6260829999999942,
    "defaultComponentsAndErrorsMs": 0.1283329999999978,
    "mergeSchemasMs": 0.2207499999999527,
    "finalizeDocumentMs": 3.161375000000021,
    "totalMs": 118.79316699999993
  }
}
