{
  "configPath": "/Users/mhvdijk/Code/next-openapi-gen/apps/react-router-app/next.openapi.json",
  "outputFile": "/Users/mhvdijk/Code/next-openapi-gen/apps/react-router-app/public/openapi.json",
  "diagnostics": [],
  "performance": {
    "prepareTemplateMs": 0.5836249999999836,
    "loadCustomFragmentsMs": 0.001167000000009466,
    "prepareDocumentMs": 0.5847919999999931,
    "scanRouteFilesMs": 0.29654199999993125,
    "deriveRoutePathMs": 0.3064159999998992,
    "filterRouteCandidatesMs": 0.017583000000058746,
    "sourcePrecheckMs": 0.27537600000005114,
    "readRouteFilesMs": 0.16858400000012352,
    "parseRouteFilesMs": 10.216498999999999,
    "analyzeRouteFilesMs": 18.41562399999998,
    "typescriptResponseInferenceMs": 0,
    "processRouteFilesMs": 28.705375000000004,
    "registerRouteMs": 17.319958000000042,
    "getSchemaContentMs": 12.890875000000051,
    "createRequestParamsMs": 2.028750000000059,
    "createRequestBodyMs": 0,
    "processResponsesMs": 1.0147499999999354,
    "createResponseSchemaMs": 0,
    "buildOperationsMs": 17.380958000000078,
    "sortAndMergePathsMs": 0.6394579999999905,
    "buildPathsMs": 0.6394579999999905,
    "defaultComponentsAndErrorsMs": 0.18308300000001054,
    "mergeSchemasMs": 0.18324999999992997,
    "finalizeDocumentMs": 1.1430839999999307,
    "totalMs": 50.04170899999997,
    "scanRoutesMs": 46.38287500000001
  }
}
