{
  "configPath": "/Users/mhvdijk/Code/next-openapi-gen/apps/react-router-app/next.openapi.json",
  "outputFile": "/Users/mhvdijk/Code/next-openapi-gen/apps/react-router-app/public/openapi.json",
  "diagnostics": [],
  "performance": {
    "prepareTemplateMs": 0.06445799999994506,
    "loadCustomFragmentsMs": 0.00041699999997035775,
    "prepareDocumentMs": 0.06487499999991542,
    "scanRouteFilesMs": 0.17454099999997652,
    "processRouteFilesMs": 19.908708000000047,
    "buildOperationsMs": 10.404166999999916,
    "scanRoutesMs": 30.48741599999994,
    "sortAndMergePathsMs": 0.6273340000000189,
    "buildPathsMs": 0.6273340000000189,
    "defaultComponentsAndErrorsMs": 0.15458300000000236,
    "mergeSchemasMs": 0.18487500000003365,
    "finalizeDocumentMs": 1.0122920000000022,
    "totalMs": 32.68845799999997
  }
}
