{
  "configPath": "/Users/mhvdijk/Code/next-openapi-gen/apps/react-router-app/next.openapi.json",
  "outputFile": "/Users/mhvdijk/Code/next-openapi-gen/apps/react-router-app/public/openapi.json",
  "diagnostics": [],
  "performance": {
    "prepareTemplateMs": 0.06629099999997834,
    "loadCustomFragmentsMs": 0.0004999999999881766,
    "prepareDocumentMs": 0.06679099999996652,
    "scanRouteFilesMs": 0.6402920000000449,
    "processRouteFilesMs": 15.229082999999946,
    "buildOperationsMs": 12.45174899999995,
    "scanRoutesMs": 28.32112399999994,
    "sortAndMergePathsMs": 1.0271250000000691,
    "buildPathsMs": 1.0271250000000691,
    "defaultComponentsAndErrorsMs": 0.2029579999999669,
    "mergeSchemasMs": 0.2027500000000373,
    "finalizeDocumentMs": 1.7263339999999516,
    "totalMs": 31.891624999999976
  }
}
