{
  "configPath": "/Users/mhvdijk/Code/next-openapi-gen/apps/react-router-app/next.openapi.json",
  "outputFile": "/Users/mhvdijk/Code/next-openapi-gen/apps/react-router-app/public/openapi.json",
  "diagnostics": [],
  "performance": {
    "prepareTemplateMs": 0.06212500000003729,
    "loadCustomFragmentsMs": 0.0004159999999728825,
    "prepareDocumentMs": 0.06254100000001017,
    "scanRouteFilesMs": 0.17029200000001765,
    "processRouteFilesMs": 13.478207999999881,
    "buildOperationsMs": 11.791292999999769,
    "scanRoutesMs": 25.439792999999668,
    "sortAndMergePathsMs": 0.6282089999999698,
    "buildPathsMs": 0.6282089999999698,
    "defaultComponentsAndErrorsMs": 0.19100000000003092,
    "mergeSchemasMs": 0.171416000000022,
    "finalizeDocumentMs": 1.0742079999999987,
    "totalMs": 27.72012499999994
  }
}
