{
  "configPath": "/Users/mhvdijk/Code/next-openapi-gen/apps/next-app-next-config/next-openapi.config.ts",
  "outputFile": "/Users/mhvdijk/Code/next-openapi-gen/apps/next-app-next-config/public/openapi.json",
  "diagnostics": [],
  "performance": {
    "prepareTemplateMs": 0.04762500000003911,
    "loadCustomFragmentsMs": 0.00045799999998052954,
    "prepareDocumentMs": 0.04808300000001964,
    "scanRouteFilesMs": 0.33416699999997945,
    "processRouteFilesMs": 3417.0452499999997,
    "buildOperationsMs": 16.686791999999627,
    "scanRoutesMs": 3434.066208999999,
    "sortAndMergePathsMs": 0.6019999999998618,
    "buildPathsMs": 0.6019999999998618,
    "defaultComponentsAndErrorsMs": 0.06129099999998289,
    "mergeSchemasMs": 0.1740829999998823,
    "finalizeDocumentMs": 0.7009170000001177,
    "totalMs": 3435.9286250000005
  }
}
