{
  "configPath": "/Users/mhvdijk/Code/next-openapi-gen/apps/next-app-next-config/next-openapi.config.ts",
  "outputFile": "/Users/mhvdijk/Code/next-openapi-gen/apps/next-app-next-config/public/openapi.json",
  "diagnostics": [],
  "performance": {
    "prepareTemplateMs": 0.035833000000025095,
    "loadCustomFragmentsMs": 0.00041699999997035775,
    "prepareDocumentMs": 0.03624999999999545,
    "scanRouteFilesMs": 0.22604200000000674,
    "processRouteFilesMs": 13.356583999999998,
    "buildOperationsMs": 15.90341699999999,
    "scanRoutesMs": 29.486042999999995,
    "sortAndMergePathsMs": 0.05875000000003183,
    "buildPathsMs": 0.05875000000003183,
    "defaultComponentsAndErrorsMs": 0.005125000000020918,
    "mergeSchemasMs": 0.1520829999999478,
    "finalizeDocumentMs": 1.2514159999999492,
    "totalMs": 31.222249999999917
  }
}
