{
  "configPath": "/Users/mhvdijk/Code/next-openapi-gen/apps/next-app-next-config/next-openapi.config.ts",
  "outputFile": "/Users/mhvdijk/Code/next-openapi-gen/apps/next-app-next-config/public/openapi.json",
  "diagnostics": [],
  "performance": {
    "prepareTemplateMs": 0.03970800000001873,
    "loadCustomFragmentsMs": 0.00041699999997035775,
    "prepareDocumentMs": 0.040124999999989086,
    "scanRouteFilesMs": 0.40962500000000546,
    "deriveRoutePathMs": 0.1658750000000282,
    "filterRouteCandidatesMs": 0.017500000000040927,
    "sourcePrecheckMs": 0.3176250000000209,
    "readRouteFilesMs": 0.17154100000004746,
    "parseRouteFilesMs": 8.749959000000104,
    "analyzeRouteFilesMs": 9.217165999999906,
    "typescriptResponseInferenceMs": 2659.558333,
    "processRouteFilesMs": 2677.7109579999997,
    "registerRouteMs": 12.011083999999869,
    "getSchemaContentMs": 10.789667000000236,
    "createRequestParamsMs": 0.2045820000000731,
    "createRequestBodyMs": 0,
    "processResponsesMs": 0.5121250000001965,
    "createResponseSchemaMs": 0,
    "buildOperationsMs": 12.034416000000192,
    "sortAndMergePathsMs": 0.6016250000002401,
    "buildPathsMs": 0.6016250000002401,
    "defaultComponentsAndErrorsMs": 0.05812500000001819,
    "mergeSchemasMs": 0.15979199999992488,
    "finalizeDocumentMs": 0.6620410000000447,
    "totalMs": 2692.5849590000003,
    "scanRoutesMs": 2690.1549990000003
  }
}
