{
  "configPath": "/Users/mhvdijk/Code/next-openapi-gen/apps/next-app-next-config/next-openapi.config.ts",
  "outputFile": "/Users/mhvdijk/Code/next-openapi-gen/apps/next-app-next-config/public/openapi.json",
  "diagnostics": [],
  "performance": {
    "prepareTemplateMs": 0.031375000000025466,
    "loadCustomFragmentsMs": 0.0004159999999728825,
    "prepareDocumentMs": 0.03179099999999835,
    "scanRouteFilesMs": 0.30045800000004874,
    "processRouteFilesMs": 5049.178958,
    "buildOperationsMs": 10.208708000000115,
    "scanRoutesMs": 5059.688124,
    "sortAndMergePathsMs": 0.6249579999994239,
    "buildPathsMs": 0.6249579999994239,
    "defaultComponentsAndErrorsMs": 0.06908300000031886,
    "mergeSchemasMs": 0.17795899999964604,
    "finalizeDocumentMs": 0.7352499999997235,
    "totalMs": 5061.540583
  }
}
