{
  "configPath": "/Users/mhvdijk/Code/next-openapi-gen/apps/next-app-adapter/next.openapi.json",
  "outputFile": "/Users/mhvdijk/Code/next-openapi-gen/apps/next-app-adapter/public/openapi.json",
  "diagnostics": [],
  "performance": {
    "prepareTemplateMs": 0.04187500000000455,
    "loadCustomFragmentsMs": 0.00041700000002720117,
    "prepareDocumentMs": 0.04229200000003175,
    "scanRouteFilesMs": 0.3692500000000223,
    "deriveRoutePathMs": 0.1668329999999969,
    "filterRouteCandidatesMs": 0.015374999999949068,
    "sourcePrecheckMs": 0.3245420000000081,
    "readRouteFilesMs": 0.12829199999998764,
    "parseRouteFilesMs": 15.660249000000022,
    "analyzeRouteFilesMs": 9.05645800000002,
    "typescriptResponseInferenceMs": 0,
    "processRouteFilesMs": 24.84712600000006,
    "registerRouteMs": 19.358000000000004,
    "getSchemaContentMs": 18.039000999999928,
    "createRequestParamsMs": 0.21575000000018463,
    "createRequestBodyMs": 0,
    "processResponsesMs": 0.6031670000000418,
    "createResponseSchemaMs": 0,
    "buildOperationsMs": 19.379373999999984,
    "sortAndMergePathsMs": 0.6215830000000437,
    "buildPathsMs": 0.6215830000000437,
    "defaultComponentsAndErrorsMs": 0.04358299999995552,
    "mergeSchemasMs": 0.1542919999999981,
    "finalizeDocumentMs": 1.4162079999999833,
    "totalMs": 47.69395900000001,
    "scanRoutesMs": 44.595750000000066
  }
}
