{
  "configPath": "/Users/mhvdijk/Code/next-openapi-gen/apps/next-app-adapter/next.openapi.json",
  "outputFile": "/Users/mhvdijk/Code/next-openapi-gen/apps/next-app-adapter/public/openapi.json",
  "diagnostics": [],
  "performance": {
    "prepareTemplateMs": 0.02979199999992943,
    "loadCustomFragmentsMs": 0.00041699999997035775,
    "prepareDocumentMs": 0.030208999999899788,
    "scanRouteFilesMs": 0.26766699999996035,
    "processRouteFilesMs": 28.588666999999987,
    "buildOperationsMs": 18.57183299999997,
    "scanRoutesMs": 47.42816699999992,
    "sortAndMergePathsMs": 0.6382909999999811,
    "buildPathsMs": 0.6382909999999811,
    "defaultComponentsAndErrorsMs": 0.04574999999999818,
    "mergeSchemasMs": 0.16016700000000128,
    "finalizeDocumentMs": 0.7659160000000611,
    "totalMs": 49.27333300000009
  }
}
