{
  "configPath": "/Users/mhvdijk/Code/next-openapi-gen/apps/next-app-adapter/next.openapi.json",
  "outputFile": "/Users/mhvdijk/Code/next-openapi-gen/apps/next-app-adapter/public/openapi.json",
  "diagnostics": [],
  "performance": {
    "prepareTemplateMs": 0.02270900000075926,
    "loadCustomFragmentsMs": 0.0004169999992882367,
    "prepareDocumentMs": 0.023126000000047497,
    "scanRouteFilesMs": 0.4140000000006694,
    "processRouteFilesMs": 13.172832999998718,
    "buildOperationsMs": 9.820166999999856,
    "scanRoutesMs": 23.406999999999243,
    "sortAndMergePathsMs": 0.1217079999987618,
    "buildPathsMs": 0.1217079999987618,
    "defaultComponentsAndErrorsMs": 0.04937500000050932,
    "mergeSchemasMs": 0.1791670000002341,
    "finalizeDocumentMs": 0.7009170000001177,
    "totalMs": 24.688666000000012
  }
}
