{
  "configPath": "/Users/mhvdijk/Code/next-openapi-gen/apps/next-app-adapter/next.openapi.json",
  "outputFile": "/Users/mhvdijk/Code/next-openapi-gen/apps/next-app-adapter/public/openapi.json",
  "diagnostics": [],
  "performance": {
    "prepareTemplateMs": 0.08299999999871943,
    "loadCustomFragmentsMs": 0.0013340000004973263,
    "prepareDocumentMs": 0.08433399999921676,
    "scanRouteFilesMs": 0.7379169999985606,
    "processRouteFilesMs": 17.198958000000857,
    "buildOperationsMs": 13.847709000001487,
    "scanRoutesMs": 31.784584000000905,
    "sortAndMergePathsMs": 0.11016599999857135,
    "buildPathsMs": 0.11016599999857135,
    "defaultComponentsAndErrorsMs": 0.008000000001629815,
    "mergeSchemasMs": 0.5817500000011933,
    "finalizeDocumentMs": 0.8966250000012224,
    "totalMs": 34.03241699999853
  }
}
