{
  "configPath": "/Users/mhvdijk/Code/next-openapi-gen/apps/next-app-ts-config/next-openapi.config.ts",
  "outputFile": "/Users/mhvdijk/Code/next-openapi-gen/apps/next-app-ts-config/public/openapi.json",
  "diagnostics": [],
  "performance": {
    "prepareTemplateMs": 0.035833000000025095,
    "loadCustomFragmentsMs": 0.00041699999997035775,
    "prepareDocumentMs": 0.03624999999999545,
    "scanRouteFilesMs": 0.33370800000000145,
    "deriveRoutePathMs": 0.18745800000010604,
    "filterRouteCandidatesMs": 0.022291999999993095,
    "sourcePrecheckMs": 0.3507080000000542,
    "readRouteFilesMs": 0.14220799999998235,
    "parseRouteFilesMs": 55.09745700000008,
    "analyzeRouteFilesMs": 4.65099900000007,
    "typescriptResponseInferenceMs": 0,
    "processRouteFilesMs": 59.871249000000034,
    "registerRouteMs": 27.199208000000112,
    "getSchemaContentMs": 25.05145799999991,
    "createRequestParamsMs": 0.20445600000016384,
    "createRequestBodyMs": 0,
    "processResponsesMs": 1.5096250000001419,
    "createResponseSchemaMs": 0,
    "buildOperationsMs": 27.218875000000025,
    "sortAndMergePathsMs": 0.591707999999926,
    "buildPathsMs": 0.591707999999926,
    "defaultComponentsAndErrorsMs": 0.04987499999992906,
    "mergeSchemasMs": 0.15750000000002728,
    "finalizeDocumentMs": 0.7550410000000056,
    "totalMs": 89.99070799999993,
    "scanRoutesMs": 87.42383200000006
  }
}
