{
  "configPath": "/Users/mhvdijk/Code/next-openapi-gen/apps/next-app-ts-config/next-openapi.config.ts",
  "outputFile": "/Users/mhvdijk/Code/next-openapi-gen/apps/next-app-ts-config/public/openapi.json",
  "diagnostics": [],
  "performance": {
    "prepareTemplateMs": 0.043457999999986896,
    "loadCustomFragmentsMs": 0.0003749999999627107,
    "prepareDocumentMs": 0.04383299999994961,
    "scanRouteFilesMs": 0.3548329999999851,
    "processRouteFilesMs": 30.32466599999998,
    "buildOperationsMs": 9.889126000000033,
    "scanRoutesMs": 40.568625,
    "sortAndMergePathsMs": 0.648040999999921,
    "buildPathsMs": 0.648040999999921,
    "defaultComponentsAndErrorsMs": 0.045624999999972715,
    "mergeSchemasMs": 0.17116599999997106,
    "finalizeDocumentMs": 0.7632079999999632,
    "totalMs": 42.476583000000005
  }
}
