{
  "configPath": "/Users/mhvdijk/Code/next-openapi-gen/apps/next-app-ts-config/next-openapi.config.ts",
  "outputFile": "/Users/mhvdijk/Code/next-openapi-gen/apps/next-app-ts-config/public/openapi.json",
  "diagnostics": [],
  "performance": {
    "prepareTemplateMs": 0.033875000000080036,
    "loadCustomFragmentsMs": 0.0004170000000840446,
    "prepareDocumentMs": 0.03429200000016408,
    "scanRouteFilesMs": 0.26670899999999165,
    "processRouteFilesMs": 16.355332999999973,
    "buildOperationsMs": 11.204875000000015,
    "scanRoutesMs": 27.82691699999998,
    "sortAndMergePathsMs": 0.5806249999999409,
    "buildPathsMs": 0.5806249999999409,
    "defaultComponentsAndErrorsMs": 0.044125000000008185,
    "mergeSchemasMs": 0.15600000000006276,
    "finalizeDocumentMs": 0.7726659999999583,
    "totalMs": 29.627834000000007
  }
}
