{
  "configPath": "/Users/mhvdijk/Code/next-openapi-gen/apps/next-app-typescript/next.openapi.json",
  "outputFile": "/Users/mhvdijk/Code/next-openapi-gen/apps/next-app-typescript/public/openapi.json",
  "diagnostics": [],
  "performance": {
    "prepareTemplateMs": 0.06949999999994816,
    "loadCustomFragmentsMs": 0.00037500000007639755,
    "prepareDocumentMs": 0.06987500000002456,
    "scanRouteFilesMs": 1.510582999999997,
    "processRouteFilesMs": 5215.298125,
    "buildOperationsMs": 68.2768789999999,
    "scanRoutesMs": 5285.0855870000005,
    "sortAndMergePathsMs": 0.6859159999994517,
    "buildPathsMs": 0.6859159999994517,
    "defaultComponentsAndErrorsMs": 0.12641600000006292,
    "mergeSchemasMs": 0.3022500000006403,
    "finalizeDocumentMs": 5.396874999999454,
    "totalMs": 5291.987916
  }
}
