{
  "configPath": "/Users/mhvdijk/Code/next-openapi-gen/apps/next-app-typescript/next.openapi.json",
  "outputFile": "/Users/mhvdijk/Code/next-openapi-gen/apps/next-app-typescript/public/openapi.json",
  "diagnostics": [],
  "performance": {
    "prepareTemplateMs": 0.07079200000009678,
    "loadCustomFragmentsMs": 0.00045799999998052954,
    "prepareDocumentMs": 0.07125000000007731,
    "scanRouteFilesMs": 0.7988749999999527,
    "processRouteFilesMs": 46.21345599999961,
    "buildOperationsMs": 2839.0753729999997,
    "scanRoutesMs": 2886.087703999999,
    "sortAndMergePathsMs": 0.6386659999998301,
    "buildPathsMs": 0.6386659999998301,
    "defaultComponentsAndErrorsMs": 0.13004199999977573,
    "mergeSchemasMs": 0.2729170000002341,
    "finalizeDocumentMs": 4.084124999999858,
    "totalMs": 2891.710791
  }
}
