{
  "configPath": "/Users/mhvdijk/Code/next-openapi-gen/apps/next-app-typescript/next.openapi.json",
  "outputFile": "/Users/mhvdijk/Code/next-openapi-gen/apps/next-app-typescript/public/openapi.json",
  "diagnostics": [],
  "performance": {
    "prepareTemplateMs": 0.07062500000006366,
    "loadCustomFragmentsMs": 0.0004170000000840446,
    "prepareDocumentMs": 0.07104200000014771,
    "scanRouteFilesMs": 1.3250410000000556,
    "deriveRoutePathMs": 0.29358400000160145,
    "filterRouteCandidatesMs": 0.02629199999978482,
    "sourcePrecheckMs": 1.1563330000004726,
    "readRouteFilesMs": 0.9125840000004928,
    "parseRouteFilesMs": 14.874124000001075,
    "analyzeRouteFilesMs": 12.400961000001416,
    "typescriptResponseInferenceMs": 3251.931208,
    "processRouteFilesMs": 3279.497833,
    "registerRouteMs": 67.65395699999863,
    "getSchemaContentMs": 53.29125100000067,
    "createRequestParamsMs": 0.5978369999993447,
    "createRequestBodyMs": 0,
    "processResponsesMs": 12.615750999999705,
    "createResponseSchemaMs": 0,
    "buildOperationsMs": 67.71612499999833,
    "sortAndMergePathsMs": 0.8015000000000327,
    "buildPathsMs": 0.8015000000000327,
    "defaultComponentsAndErrorsMs": 0.14020800000025702,
    "mergeSchemasMs": 0.28366700000015044,
    "finalizeDocumentMs": 6.239459000000352,
    "totalMs": 3358.1362919999997,
    "scanRoutesMs": 3348.5389989999985
  }
}
