{
  "configPath": "/Users/mhvdijk/Code/next-openapi-gen/apps/next-app-zod/next.openapi.json",
  "outputFile": "/Users/mhvdijk/Code/next-openapi-gen/apps/next-app-zod/public/openapi.json",
  "diagnostics": [],
  "performance": {
    "prepareTemplateMs": 0.06875000000002274,
    "loadCustomFragmentsMs": 0.0004589999999780048,
    "prepareDocumentMs": 0.06920900000000074,
    "scanRouteFilesMs": 0.8198750000000246,
    "deriveRoutePathMs": 0.28612599999905797,
    "filterRouteCandidatesMs": 0.022916000000350323,
    "sourcePrecheckMs": 1.0966269999997849,
    "readRouteFilesMs": 0.7319599999998445,
    "parseRouteFilesMs": 18.497666999999865,
    "analyzeRouteFilesMs": 3267.4698750000002,
    "typescriptResponseInferenceMs": 0,
    "processRouteFilesMs": 3286.1609580000004,
    "registerRouteMs": 121.60216499999979,
    "getSchemaContentMs": 9.172247000000425,
    "createRequestParamsMs": 0.5456229999981588,
    "createRequestBodyMs": 0,
    "processResponsesMs": 110.73075199999994,
    "createResponseSchemaMs": 0,
    "buildOperationsMs": 121.64841700000034,
    "sortAndMergePathsMs": 0.6784589999997479,
    "buildPathsMs": 0.6784589999997479,
    "defaultComponentsAndErrorsMs": 0.11904200000026322,
    "mergeSchemasMs": 0.3138749999998254,
    "finalizeDocumentMs": 4.393708000000061,
    "totalMs": 3416.12825,
    "scanRoutesMs": 3408.629250000001
  }
}
