{
  "configPath": "/Users/mhvdijk/Code/next-openapi-gen/apps/tanstack-app/next.openapi.json",
  "outputFile": "/Users/mhvdijk/Code/next-openapi-gen/apps/tanstack-app/public/openapi.json",
  "diagnostics": [],
  "performance": {
    "prepareTemplateMs": 0.05245800000000145,
    "loadCustomFragmentsMs": 0.00041699999997035775,
    "prepareDocumentMs": 0.052874999999971806,
    "scanRouteFilesMs": 0.17595800000003692,
    "deriveRoutePathMs": 0.870375000000081,
    "filterRouteCandidatesMs": 0.019416999999975815,
    "sourcePrecheckMs": 0.4845829999999296,
    "readRouteFilesMs": 0.28987400000016805,
    "parseRouteFilesMs": 10.418790999999942,
    "analyzeRouteFilesMs": 4.4710830000000215,
    "typescriptResponseInferenceMs": 0,
    "processRouteFilesMs": 14.952582000000007,
    "registerRouteMs": 23.507624000000078,
    "getSchemaContentMs": 22.00791599999991,
    "createRequestParamsMs": 0.1961230000000569,
    "createRequestBodyMs": 0,
    "processResponsesMs": 0.8434149999998226,
    "createResponseSchemaMs": 0,
    "buildOperationsMs": 23.535250999999903,
    "sortAndMergePathsMs": 0.6261250000000018,
    "buildPathsMs": 0.6261250000000018,
    "defaultComponentsAndErrorsMs": 0.1911249999999427,
    "mergeSchemasMs": 0.1811249999999518,
    "finalizeDocumentMs": 2.3282090000000153,
    "totalMs": 43.65158399999996,
    "scanRoutesMs": 38.66379099999995
  }
}
