{
  "configPath": "/Users/mhvdijk/Code/next-openapi-gen/apps/tanstack-app/next.openapi.json",
  "outputFile": "/Users/mhvdijk/Code/next-openapi-gen/apps/tanstack-app/public/openapi.json",
  "diagnostics": [],
  "performance": {
    "prepareTemplateMs": 0.06925000000001091,
    "loadCustomFragmentsMs": 0.00041699999997035775,
    "prepareDocumentMs": 0.06966699999998127,
    "scanRouteFilesMs": 0.18908299999998235,
    "processRouteFilesMs": 13.304250000000025,
    "buildOperationsMs": 72.86787500000014,
    "scanRoutesMs": 86.36120800000015,
    "sortAndMergePathsMs": 0.6702080000000024,
    "buildPathsMs": 0.6702080000000024,
    "defaultComponentsAndErrorsMs": 0.19600000000002638,
    "mergeSchemasMs": 0.18899999999996453,
    "finalizeDocumentMs": 12.246124999999893,
    "totalMs": 99.90779200000009
  }
}
