{
  "configPath": "/Users/mhvdijk/Code/next-openapi-gen/apps/next-app-mixed-schemas/next.openapi.json",
  "outputFile": "/Users/mhvdijk/Code/next-openapi-gen/apps/next-app-mixed-schemas/public/openapi.json",
  "diagnostics": [],
  "performance": {
    "prepareTemplateMs": 0.07766700000001947,
    "loadCustomFragmentsMs": 1.106708000000026,
    "prepareDocumentMs": 1.1843750000000455,
    "scanRouteFilesMs": 0.6085000000000491,
    "processRouteFilesMs": 5061.747667,
    "buildOperationsMs": 91.78545899999915,
    "scanRoutesMs": 5154.141625999999,
    "sortAndMergePathsMs": 0.7282500000001164,
    "buildPathsMs": 0.7282500000001164,
    "defaultComponentsAndErrorsMs": 0.15574999999989814,
    "mergeSchemasMs": 0.24020800000016607,
    "finalizeDocumentMs": 2.607458999999835,
    "totalMs": 5159.347917
  }
}
