{
  "configPath": "/Users/mhvdijk/Code/next-openapi-gen/apps/next-app-mixed-schemas/next.openapi.json",
  "outputFile": "/Users/mhvdijk/Code/next-openapi-gen/apps/next-app-mixed-schemas/public/openapi.json",
  "diagnostics": [],
  "performance": {
    "prepareTemplateMs": 0.0627079999999296,
    "loadCustomFragmentsMs": 0.5496249999999918,
    "prepareDocumentMs": 0.6123329999999214,
    "scanRouteFilesMs": 0.4556670000000622,
    "processRouteFilesMs": 52.17733300000009,
    "buildOperationsMs": 83.6155,
    "scanRoutesMs": 136.24850000000015,
    "sortAndMergePathsMs": 0.6507500000000164,
    "buildPathsMs": 0.6507500000000164,
    "defaultComponentsAndErrorsMs": 0.13787500000000819,
    "mergeSchemasMs": 0.21050000000002456,
    "finalizeDocumentMs": 1.6756249999999682,
    "totalMs": 139.877209
  }
}
