{
  "configPath": "/Users/mhvdijk/Code/next-openapi-gen/apps/next-app-mixed-schemas/next.openapi.json",
  "outputFile": "/Users/mhvdijk/Code/next-openapi-gen/apps/next-app-mixed-schemas/public/openapi.json",
  "diagnostics": [],
  "performance": {
    "prepareTemplateMs": 0.916084000000069,
    "loadCustomFragmentsMs": 1.5898339999999962,
    "prepareDocumentMs": 2.505918000000065,
    "scanRouteFilesMs": 0.5852500000000873,
    "deriveRoutePathMs": 0.200626999999713,
    "filterRouteCandidatesMs": 0.02050000000019736,
    "sourcePrecheckMs": 0.5334179999996422,
    "readRouteFilesMs": 0.31704300000023977,
    "parseRouteFilesMs": 7.62691700000039,
    "analyzeRouteFilesMs": 3219.3561240000004,
    "typescriptResponseInferenceMs": 0,
    "processRouteFilesMs": 3227.1345849999993,
    "registerRouteMs": 133.59137599999997,
    "getSchemaContentMs": 16.40599999999904,
    "createRequestParamsMs": 0.244666000000052,
    "createRequestBodyMs": 0,
    "processResponsesMs": 116.16158499999983,
    "createResponseSchemaMs": 0,
    "buildOperationsMs": 133.62537499999974,
    "sortAndMergePathsMs": 0.699333999999908,
    "buildPathsMs": 0.699333999999908,
    "defaultComponentsAndErrorsMs": 0.15045800000007148,
    "mergeSchemasMs": 0.22670900000002803,
    "finalizeDocumentMs": 2.4183749999997417,
    "totalMs": 3368.70675,
    "scanRoutesMs": 3361.345209999999
  }
}
