{
  "configPath": "/Users/mhvdijk/Code/next-openapi-gen/apps/next-app-sandbox/next.openapi.json",
  "outputFile": "/Users/mhvdijk/Code/next-openapi-gen/apps/next-app-sandbox/public/openapi.json",
  "diagnostics": [],
  "performance": {
    "prepareTemplateMs": 0.0727919999999358,
    "loadCustomFragmentsMs": 0.0004170000000840446,
    "prepareDocumentMs": 0.07320900000001984,
    "scanRouteFilesMs": 0.9300829999999678,
    "deriveRoutePathMs": 0.26437399999986155,
    "filterRouteCandidatesMs": 0.022333000000003267,
    "sourcePrecheckMs": 0.7546670000000404,
    "readRouteFilesMs": 0.595332999999755,
    "parseRouteFilesMs": 18.15000100000009,
    "analyzeRouteFilesMs": 18.405208000000016,
    "typescriptResponseInferenceMs": 0,
    "processRouteFilesMs": 36.73562599999991,
    "registerRouteMs": 103.37220999999988,
    "getSchemaContentMs": 81.55153999999993,
    "createRequestParamsMs": 0.39574999999979354,
    "createRequestBodyMs": 0,
    "processResponsesMs": 20.346875000000182,
    "createResponseSchemaMs": 0,
    "buildOperationsMs": 103.41133200000002,
    "sortAndMergePathsMs": 1.081625000000031,
    "buildPathsMs": 1.081625000000031,
    "defaultComponentsAndErrorsMs": 0.16725000000008095,
    "mergeSchemasMs": 0.21875,
    "finalizeDocumentMs": 7.569374999999923,
    "totalMs": 151.77649999999994,
    "scanRoutesMs": 141.0770409999999
  }
}
