{
  "configPath": "/Users/mhvdijk/Code/next-openapi-gen/apps/next-app-scalar/next.openapi.json",
  "outputFile": "/Users/mhvdijk/Code/next-openapi-gen/apps/next-app-scalar/public/openapi.json",
  "diagnostics": [],
  "performance": {
    "prepareTemplateMs": 0.06766599999997425,
    "loadCustomFragmentsMs": 0.0005409999999983484,
    "prepareDocumentMs": 0.0682069999999726,
    "scanRouteFilesMs": 0.5760000000000218,
    "processRouteFilesMs": 16.533790999999894,
    "buildOperationsMs": 126.93066599999997,
    "scanRoutesMs": 144.0404569999999,
    "sortAndMergePathsMs": 0.666208000000097,
    "buildPathsMs": 0.666208000000097,
    "defaultComponentsAndErrorsMs": 0.13579200000003766,
    "mergeSchemasMs": 0.25766699999996945,
    "finalizeDocumentMs": 2.8319999999999936,
    "totalMs": 148.401
  }
}
