{
  "configPath": "/Users/mhvdijk/Code/next-openapi-gen/apps/next-app-scalar/next.openapi.json",
  "outputFile": "/Users/mhvdijk/Code/next-openapi-gen/apps/next-app-scalar/public/openapi.json",
  "diagnostics": [],
  "performance": {
    "prepareTemplateMs": 0.06720799999993687,
    "loadCustomFragmentsMs": 0.0003749999999627107,
    "prepareDocumentMs": 0.06758299999989958,
    "scanRouteFilesMs": 0.8510840000000144,
    "deriveRoutePathMs": 0.20858299999997598,
    "filterRouteCandidatesMs": 0.018209000000069864,
    "sourcePrecheckMs": 0.38354100000003655,
    "readRouteFilesMs": 0.17854200000010678,
    "parseRouteFilesMs": 8.692958999999973,
    "analyzeRouteFilesMs": 7.866539999999873,
    "typescriptResponseInferenceMs": 0,
    "processRouteFilesMs": 16.70058400000005,
    "registerRouteMs": 362.99866799999984,
    "getSchemaContentMs": 262.5510009999999,
    "createRequestParamsMs": 0.4769559999995181,
    "createRequestBodyMs": 0,
    "processResponsesMs": 99.22545600000024,
    "createResponseSchemaMs": 0,
    "buildOperationsMs": 363.02949999999987,
    "sortAndMergePathsMs": 0.688707999999906,
    "buildPathsMs": 0.688707999999906,
    "defaultComponentsAndErrorsMs": 0.14387499999998,
    "mergeSchemasMs": 1.5329169999999976,
    "finalizeDocumentMs": 13.563833000000159,
    "totalMs": 398.58641699999987,
    "scanRoutesMs": 380.58116799999993
  }
}
