{
  "configPath": "/Users/mhvdijk/Code/next-openapi-gen/apps/next-app-scalar/next.openapi.json",
  "outputFile": "/Users/mhvdijk/Code/next-openapi-gen/apps/next-app-scalar/public/openapi.json",
  "diagnostics": [],
  "performance": {
    "prepareTemplateMs": 0.06608400000004622,
    "loadCustomFragmentsMs": 0.0004170000000840446,
    "prepareDocumentMs": 0.06650100000013026,
    "scanRouteFilesMs": 0.7615839999999707,
    "processRouteFilesMs": 124.01666599999976,
    "buildOperationsMs": 435.47575000000006,
    "scanRoutesMs": 560.2539999999998,
    "sortAndMergePathsMs": 0.656833000000006,
    "buildPathsMs": 0.656833000000006,
    "defaultComponentsAndErrorsMs": 0.1413750000001528,
    "mergeSchemasMs": 0.2561670000000049,
    "finalizeDocumentMs": 3.1187079999999696,
    "totalMs": 564.7867080000001
  }
}
