{
  "configPath": "/Users/mhvdijk/Code/next-openapi-gen/apps/next-pages-router/next.openapi.json",
  "outputFile": "/Users/mhvdijk/Code/next-openapi-gen/apps/next-pages-router/public/openapi.json",
  "diagnostics": [],
  "performance": {
    "prepareTemplateMs": 7.124707999999941,
    "loadCustomFragmentsMs": 0.0011669999998957792,
    "prepareDocumentMs": 7.125874999999837,
    "scanRouteFilesMs": 0.6392089999999371,
    "deriveRoutePathMs": 0.2052489999999807,
    "filterRouteCandidatesMs": 0.01937499999985448,
    "sourcePrecheckMs": 0.60775000000001,
    "readRouteFilesMs": 0.5125410000000556,
    "parseRouteFilesMs": 13.233958999999913,
    "analyzeRouteFilesMs": 7.522166999999854,
    "typescriptResponseInferenceMs": 0,
    "processRouteFilesMs": 20.843623999999977,
    "registerRouteMs": 22.929792999999904,
    "getSchemaContentMs": 20.726793999999813,
    "createRequestParamsMs": 0.3452069999999594,
    "createRequestBodyMs": 0,
    "processResponsesMs": 1.1164189999999508,
    "createResponseSchemaMs": 0,
    "buildOperationsMs": 22.96945900000003,
    "sortAndMergePathsMs": 1.5826250000000073,
    "buildPathsMs": 1.5826250000000073,
    "defaultComponentsAndErrorsMs": 0.002250000000003638,
    "mergeSchemasMs": 0.26433400000007623,
    "finalizeDocumentMs": 5.195459000000028,
    "totalMs": 60.399374999999964,
    "scanRoutesMs": 44.45229199999994
  }
}
