{
  "configPath": "/Users/mhvdijk/Code/next-openapi-gen/apps/next-pages-router/next.openapi.json",
  "outputFile": "/Users/mhvdijk/Code/next-openapi-gen/apps/next-pages-router/public/openapi.json",
  "diagnostics": [],
  "performance": {
    "prepareTemplateMs": 0.04629099999999653,
    "loadCustomFragmentsMs": 0.00041699999997035775,
    "prepareDocumentMs": 0.04670799999996689,
    "scanRouteFilesMs": 0.25641700000005585,
    "processRouteFilesMs": 15.722332999999935,
    "buildOperationsMs": 26.123000000000047,
    "scanRoutesMs": 42.10175000000004,
    "sortAndMergePathsMs": 3.8914589999999407,
    "buildPathsMs": 3.8914589999999407,
    "defaultComponentsAndErrorsMs": 0.002457999999933236,
    "mergeSchemasMs": 0.2345829999999296,
    "finalizeDocumentMs": 8.462125000000015,
    "totalMs": 55.191749999999956
  }
}
